company_name,name,role,,
AEGIS,William P. Cullen,President & CEO,,
AEGIS,William Hillman,Executive Vice President & Chief Underwriting Officer,,
AEGIS,Thomas Kelly,Senior Vice President & Chief Risk Officer,,
AEGIS,George Keefe,Senior Vice President,,
AEGIS,Jeffrey Schupack,Senior Vice President & Chief Claims and Human Resources Officer,,
AEGIS,Timothy Heinze,Senior Vice President & Chief Loss Control Officer,,
AEGIS,Howard Somers,"Senior Vice President & Chief Technical Officer

",,
AEGIS,Michael Johnson,"Executive Vice President & Chief Financial Officer

",,
AEGIS,Rip Reeves,Senior Vice President & Chief Investment Officer,,
AEGIS,Scott Schenker,"Senior Vice President & Chief Information Officer

",,
AEGIS,Mark Walsh,Senior Vice President & General Counsel,,
AEGIS,Simon Day,Senior Vice President & Chief Actuary,,
AEGIS,Joseph Murphy,Senior Vice President,,
Allied World Managing Agency Limited,-,-,,
Alpha Insurance Analysts Limited,-,-,,
AmTrust Syndicates Limited,-,-,,
Antares Managing Agency Limited,Mark Graham ,CEO,,
Antares Managing Agency Limited,Alexander Craggs,"CUO OF Marine, Energy and Accident & Health & Deputy CEO",,
Antares Managing Agency Limited,Jim Lye,Active underwriter,,
Antares Managing Agency Limited,Robert Keers,Finance Director- Head of Global Regulatory and Statutory Reporting,,
Antares Managing Agency Limited,Meera Rajoo-Oakley,Chief Actuary,,
Antares Managing Agency Limited,Gaurav Sah,Compliance Director,,
Antares Managing Agency Limited,Richard Camp,Chief Risk Officer,,
Antares Managing Agency Limited,Ahmed El Tabbakh,Non-Executive Director,,
Antares Managing Agency Limited,Michael van der Straaten,Non-Executive Director,,
Antares Managing Agency Limited,Li Shan Yeo,CEO Antares Underwriting Asia,,
Antares Managing Agency Limited,Martin Campbell,Head of Specialty,,
Antares Managing Agency Limited,Simon Catt,Claims Director,,
Apollo Syndicate Management Limited,JULIAN CUSACK,Managing Agency Non Executive Chairman,,
Apollo Syndicate Management Limited,DAVID IBESON,Chief Executive Officer,,
Apollo Syndicate Management Limited,JAMES SLAUGHTER,Chief Underwriting Officer,,
Apollo Syndicate Management Limited,VINAY MISTRY,Chief Risk Officer,,
Apollo Syndicate Management Limited,TARYN MCHARG,Group Chief Financial Officer,,
Apollo Syndicate Management Limited,JAMIE MACDIARMID,Finance Director,,
Apollo Syndicate Management Limited,SIMON WHITE,Chief Claims Officer,,
Apollo Syndicate Management Limited,MARTIN HUDSON,Non Executive Director,,
Apollo Syndicate Management Limited,TONY HULSE,Non Executive Director,,
Apollo Syndicate Management Limited,FARAH BUCKLEY,Non Executive Director,,
Apollo Syndicate Management Limited,STUART DAVIES,Non Executive Director,,
Apollo Syndicate Management Limited,PETER BOWDEN,Company Secretary,,
Arch Underwriting at Lloyd's Ltd,Marc Grandisson,Chief Executive Officer,,
Arch Underwriting at Lloyd's Ltd,Nicolas Papadopoulo,"President and Chief Underwriting Officer, Arch Capital Group Ltd. and CEO, Arch Worldwide Insurance Group",,
Arch Underwriting at Lloyd's Ltd,François Morin,Chief Financial Officer and Treasurer,,
Arch Underwriting at Lloyd's Ltd,David Gansberg,"Chief Executive Officer, Global Mortgage Group",,
Arch Underwriting at Lloyd's Ltd,Maamoun Rajeh,"Chairman and Chief Executive Officer, Arch Worldwide Reinsurance Group",,
Arch Underwriting at Lloyd's Ltd,Jennifer Centrone,Chief Human Resources Officer,,
Arch Underwriting at Lloyd's Ltd,Chris Hovey,Chief Operations Officer,,
Arch Underwriting at Lloyd's Ltd,Louis Petrillo,General Counsel,,
Arch Underwriting at Lloyd's Ltd,Jay Rajendra,"Chief Strategy and Innovation Officer
",,
Arch Underwriting at Lloyd's Ltd,"Christine Todd
","Chief Investment Officer
",,
Arch Underwriting at Lloyd's Ltd,Tracie Cranford,"Chief Operating Officer, Finance
",,
Arch Underwriting at Lloyd's Ltd,"Janice Englesbe
","Chief Risk Officer
",,
Arch Underwriting at Lloyd's Ltd,"Greg Hare
","Head of Branding and Employee Communications Services
",,
Arch Underwriting at Lloyd's Ltd,"Joy A. Huibonhoa
",Executive Vice President and Deputy General Counsel,,
Arch Underwriting at Lloyd's Ltd,"Deborah Huppert
","Deputy Chief Financial Officer, Arch Capital Services LLC",,
Arch Underwriting at Lloyd's Ltd,"Kai Monahan
","Chief Audit Executive
",,
Arch Underwriting at Lloyd's Ltd,"Prashant Nema
","Chief Information Officer
",,
Arch Underwriting at Lloyd's Ltd,"Debra O’Connor
","Chief Financial Officer, Arch Capital Services LLC
",,
Arch Underwriting at Lloyd's Ltd,"Marcy Rathman
","Chief Environmental, Social and Governance Officer",,
Arch Underwriting at Lloyd's Ltd,James Taylor,"Global Treasurer
",,
Arch Underwriting at Lloyd's Ltd,"Jeff Thompson
","Global Head of Tax
",,
Arch Underwriting at Lloyd's Ltd,"Donald Watson
","Executive Vice President, Financial Services
",,
Argenta Private Capital Limited,Sven Althoff,"Non-Executive Chairman, Argenta Holdings Limited",,
Argenta Private Capital Limited,Andrew Annandale,"Chief Executive Officer, Argenta Holdings Limited",,
Argenta Private Capital Limited,Graham Allen,"Chief Financial Officer, Argenta Holdings Limited",,
Argenta Private Capital Limited,John Whiter,"Non-Executive Director, Argenta Holdings Limited",,
Argo Managing Agency Limited,-,-,,
Argo Group International Holdings Ltd.,Thomas A. Bradley,CHIEF EXECUTIVE OFFICER,,
Argo Group International Holdings Ltd.,Scott Kirk,CHIEF FINANCIAL OFFICER,,
Argo Group International Holdings Ltd.,Susan Comparato ,CHIEF ADMINISTRATIVE OFFICER,,
Argo Group International Holdings Ltd.,Mark Wade ,CHIEF CLAIMS OFFICER,,
Argo Group International Holdings Ltd.,Mark H. Rose ,CHIEF INVESTMENT OFFICER,,
Argo Group International Holdings Ltd.,Allison Kiene ,GENERAL COUNSEL,,
Argo Group International Holdings Ltd.,Michael Murphy ,CHIEF INTERNAL AUDITOR,,
Argo Group International Holdings Ltd.,Alex Hindson ,CHIEF RISK & SUSTAINABILITY OFFICER,,
Argo Group U.S. Operations,Jessica Snyder ,"PRESIDENT, U.S. INSURANCE",,
Argo Group U.S. Operations,Gary Grose ,"PRESIDENT, COMMERCIAL SPECIALTY",,
Argo Group U.S. Operations,Marsh Duncan ,"PRESIDENT, EXCESS & SURPLUS",,
Argo Group U.S. Operations,Frank Mike-Mayer ,CHIEF UNDERWRITING OFFICER,,
Argo Group U.S. Operations,Mary Henderson ,"PRESIDENT, ARGO PRO",,
Argo Group U.S. Operations,Alan Wynn ,HEAD OF COMMERCIAL PROGRAMS,,
Argo Group U.S. Operations,Jayson Taylor,HEAD OF EXCESS CASUALTY,,
Argo Group U.S. Operations,Christopher Schramm,HEAD OF PRIMARY CASUALTY,,
Argo Group U.S. Operations,Kristyn Smallcombe ,"SENIOR VICE PRESIDENT, CONSTRUCTION",,
Argo Group U.S. Operations,David Corry ,"SENIOR VICE PRESIDENT, ARGO ENVIRONMENTAL",,
Argo Group U.S. Operations,Sandy Zrimsek ,"VICE PRESIDENT, GARAGE",,
Argo Group U.S. Operations,Eric Michel,"INTERIM HEAD, ARGO MARINE",,
Argo Group U.S. Operations,Kurt Tipton ,"PRESIDENT, ROCKWOOD",,
Argo Group U.S. Operations,Brendan Keating ,"SENIOR VICE PRESIDENT, CHIEF OPERATIONS OFFICER, ARGO SURETY",,
Argo Group U.S. Operations,Mark Farina ,"SENIOR VICE PRESIDENT, GLOBAL CHIEF UNDERWRITING OFFICER, ARGO SURETY",,
Argo International Operations,Dominic Kirby ,"MANAGING DIRECTOR, ARGO MANAGING AGENCY, LTD.",,
Argo International Operations,John Moffatt ,CHIEF UNDERWRITING OFFICER & ACTIVE UNDERWRITER – SYNDICATE 1200,,
Argo International Operations,Bill Wharton ,HEAD OF ARGO INSURANCE BERMUDA,,
Ark Syndicate Management Limited: Group Management Team,Ian Beaton,Group Chief Executive Officer,,
Ark Syndicate Management Limited: Group Management Team,Nick Bonnar,Group Chief Underwriting Officer,,
Ark Syndicate Management Limited: London Management Team,Melanie Raven,Active Underwriter 4020,,
Ark Syndicate Management Limited: London Management Team,Neil Brothers,Risk and Compliance Director,,
Ark Syndicate Management Limited: London Management Team,Neil Fox,Active Underwriter 4020,,
Ark Syndicate Management Limited: London Management Team,Neil Smith,Finance and Operations Director,,
Ark Syndicate Management Limited: London Management Team,Paul Dawson,"Managing Director, Active Underwriter 3902",,
Ark Syndicate Management Limited: London Management Team,Peter McIntosh,Director of Underwriting,,
"Ark Syndicate Management Limited:Bermuda Management Team
",Angus Ayliffe,Chief Financial Officer & Chief Operating Officer,,
"Ark Syndicate Management Limited:Bermuda Management Team
",Jeff Clements,Chief Executive Officer & Chief Underwriting Officer,,
Ascot Underwriting Limited,Neill Currie,EXECUTIVE CHAIRMAN,,
Ascot Underwriting Limited,Sam Blaichman,NON-EXECUTIVE DIRECTOR,,
Ascot Underwriting Limited,Andrew Brooks,GROUP CHIEF EXECUTIVE OFFICER,,
Ascot Underwriting Limited,Katherine Chung,NON-EXECUTIVE DIRECTOR,,
Ascot Underwriting Limited,Sir Richard Dearlove KCMG,NON-EXECUTIVE DIRECTOR,,
Ascot Underwriting Limited,Thomas Kalvik,NON-EXECUTIVE DIRECTOR,,
Ascot Underwriting Limited,Joe Roberts,GROUP CHIEF FINANCIAL OFFICER,,
Ascot Underwriting Limited,Susan Sutherland,NON-EXECUTIVE DIRECTOR,,
Ascot Underwriting Limited,Murray Wallace,NON-EXECUTIVE DIRECTOR,,
Ascot Underwriting Limited,Yvonne Costello,GROUP CHIEF OF STAFF & HUMAN RESOURCES OFFICER,,
Ascot Underwriting Limited,Mark Pepper,GROUP CHIEF UNDERWRITING OFFICER,,
Ascot Underwriting Limited,Mark Smith,GROUP CHIEF RISK OFFICER,,
Ascot Underwriting Limited,Jonathan Zaffino,GROUP PRESIDENT,,
Ascot Underwriting Limited,Andrew Birrell,NON-EXECUTIVE DIRECTOR,,
Ascot Underwriting Limited,Charlie Cantlay,GROUP REINSURANCE & EXECUTIVE DIRECTOR,,
Ascot Underwriting Limited,Helen Jones-Bak,CHIEF FINANCIAL OFFICER,,
Ascot Underwriting Limited,John Lloyd OBE,NON-EXECUTIVE DIRECTOR,,
Ascot Underwriting Limited,Aman Malik,NON-EXECUTIVE DIRECTOR,,
Ascot Underwriting Limited,Homi Mullan,NON-EXECUTIVE DIRECTOR,,
Ascot Underwriting Limited,Parth Patel,CHIEF RISK OFFICER,,
Ascot Underwriting Limited,Paul Taylor,NON-EXECUTIVE DIRECTOR,,
Ascot Underwriting Limited,Katy Wilson,GENERAL COUNSEL,,
Ascot Underwriting Limited,Steve Bardell,CHIEF OPERATING OFFICER,,
Ascot Underwriting Limited,Martin Callahan,DIRECTOR OF MANAGEMENT INFORMATION & PLANNING,,
Ascot Underwriting Limited,Justin Catling,EXECUTIVE UNDERWRITER - PROPERTY,,
Ascot Underwriting Limited,Neil Dalton,CHIEF CLAIMS OFFICER,,
Ascot Underwriting Limited,David Fitzpatrick,"EXECUTIVE UNDERWRITER, CASUALTY DIRECT & MARINE LIABILITY",,
Ascot Underwriting Limited,Joanne Homes,HEAD OF HR,,
Ascot Underwriting Limited,John Pilkington,"EXECUTIVE UNDERWRITER, CASUALTY TREATY & PA",,
Ascot Underwriting Limited,Gavin Wall,"EXECUTIVE UNDERWRITER, MARINE",,
Aspen Managing Agency Limited,Mark Cloutier,Executive Chairman and Group Chief Executive Officer,,
Aspen Managing Agency Limited,David Amaro,Group Head of Legal,,
Aspen Managing Agency Limited,Jonny Atkinson,Group Chief Business Development Officer,,
Aspen Managing Agency Limited,Christopher Coleman,Group Chief Financial Officer,,
Aspen Managing Agency Limited,Christian Dunleavy,Group Chief Underwriting Officer,,
Aspen Managing Agency Limited,Bruce Eisler,"Chief Executive Officer U.S. and Chief Underwriting Officer, Aspen Insurance",,
Aspen Managing Agency Limited,Rob Houghton,Group Chief Operating Officer,,
Aspen Managing Agency Limited,Mohinder Kang,Group Chief People and Transformation Officer,,
Aspen Managing Agency Limited,Henry MacHale,Group Chief Strategy Officer,,
Aspen Managing Agency Limited,Aileen Mathieson,Group Chief Investment Officer,,
Aspen Managing Agency Limited,Bill Miller,Group Chief Actuarial Officer,,
Aspen Managing Agency Limited,Richard Milner,"Chief Executive Officer, Aspen UK and AMAL",,
Aspen Managing Agency Limited,Mark Pickering,"Chief Executive Officer of Aspen Bermuda Limited, Group Chief Capital Management Officer & Treasurer",,
Aspen Managing Agency Limited,Tony Rai,Group Chief Claims Officer,,
Aspen Managing Agency Limited,Andrew Rippert,CUO Reinsurance,,
Aspen Managing Agency Limited,Sarah Stanford,Active Underwriter of Syndicate 4711,,
Aspen Managing Agency Limited,Brian Tobben,Chief Executive Officer Aspen Capital ,,
Asta Managing Agency Limited,Lorraine Harfitt,Chief Executive Officer,,
Asta Managing Agency Limited,Richard Barke,Chief Financial Officer,,
Asta Managing Agency Limited,Clare Barley,Chief Operating Officer,,
Asta Managing Agency Limited,Neil Griffiths,Chief Risk Officer,,
Asta Managing Agency Limited,David Jones,Chief Underwriting Officer,,
Asta Managing Agency Limited,Laura McMaster,Chief Actuary,,
Asta Managing Agency Limited,Julian Tighe,Asta Group Director,,
Asta Managing Agency Limited,Simon Norton,Asta Group Director,,
Asta Managing Agency Limited,David Hunt,Asta Group Director,,
Asta Managing Agency Limited,Ann Bearwish,HR Director,,
Asta Managing Agency Limited,Peter Brightman,Head of Syndicate Finance,,
Asta Managing Agency Limited,John Coe,Deputy Chief Risk Officer,,
Asta Managing Agency Limited,Leslie Edmonds,Head of Business Change,,
Asta Managing Agency Limited,Julie Gallagher,Head of Client Management,,
Asta Managing Agency Limited,Daniel How,Head of Internal Audit,,
Asta Managing Agency Limited,Matt Lane,Chief Information Officer,,
Asta Managing Agency Limited,Keith Nevett,Head of Business Development,,
Asta Managing Agency Limited,Carl Steventon,Head of Underwriting Performance,,
Asta Managing Agency Limited,Susan Turvey,"Manager, CEO Office",,
Asta Managing Agency Limited,Paul Jardine,Independent Non-Executive Chairman,,
Asta Managing Agency Limited,Karen Green,Independent Non-Executive Director & Risk Committee Chair,,
Asta Managing Agency Limited,Andrew Hubbard,Independent Non-Executive Director & Chair of Audit Committee,,
Asta Managing Agency Limited,Stephen Redmond,Independent Non-Executive Director,,
Asta Managing Agency Limited,Kalpana Shah,Independent Non- Executive Director & SIAB Board Chair,,
Atrium Underwriters Limited,Justin Emrich,Chief Information Officer,,
Atrium Underwriters Limited,Kirsty Steward,Chief Financial Officer,,
Atrium Underwriters Limited,Richard Harries,Chief Executive Officer,,
Atrium Underwriters Limited,Andrew Johnson,Delegated Authority Oversight & Operations Support,,
Atrium Underwriters Limited,Neil Riddington,Head of Claims,,
Atrium Underwriters Limited,Samit Shah,Chief Risk Officer,,
Atrium Underwriters Limited,Alex Cullen,Head of Aviation (Underwriting),,
Atrium Underwriters Limited,David Sankey,Head of Marine,,
Atrium Underwriters Limited,Mike MacColl,Head of Hull & War Underwriting,,
Atrium Underwriters Limited,Lisa Coleman,Head of Human Resources,,
Atrium Underwriters Limited,Liz O'Rourke,Executive Assistant to the CEO / Head of London Office Projects and Facilities,,
Atrium Underwriters Limited,Adam Smith,Head of Business Change,,
Atrium Underwriters Limited,Richard Todd,Head of Exposure Management,,
Atrium Underwriters Limited,Jason Townshend,Head of Operations,,
Atrium Underwriters Limited,Anil Vaidya,Head of Internal Audit,,
Atrium Underwriters Limited,Chris Stooke,Chairman,,
Atrium Underwriters Limited,Mark Stedman,Delegated Authority Claims Technician & Claims Ops Support,,
AXA XL Underwriting Agencies Limited,Scott Gunter,Chief Executive Officer,,
AXA XL Underwriting Agencies Limited,Libby Benet,"Global Chief Underwriting Officer, Insurance",,
AXA XL Underwriting Agencies Limited,Xavier Veyry,"Chief Executive Officer, APAC & Europe",,
AXA XL Underwriting Agencies Limited,Joe Tocco,"Chief Executive Officer Americas, Insurance",,
AXA XL Underwriting Agencies Limited,Sean McGovern,Chief Executive Officer UK & Lloyd’s market,,
AXA XL Underwriting Agencies Limited,Nancy Bewlay,"Chief Executive Officer, Reinsurance",,
AXA XL Underwriting Agencies Limited,Matthieu Caillat,Chief Operating Officer,,
AXA XL Underwriting Agencies Limited,Rainer Schoellhammer,Chief Financial Officer,,
AXA XL Underwriting Agencies Limited,Karen le Duc,Chief Human Resources Officer,,
AXA XL Underwriting Agencies Limited,Pamela Rosado,General Counsel & Chief Claims Officer,,
AXA XL Underwriting Agencies Limited,Noel Richardson,Chief Risk Officer,,
Axis Managing Agency Ltd,Albert A. Benchimol,President and CEO,,
Axis Managing Agency Ltd,Vincent C. Tizzio,CEO Specialty Insurance and Reinsurance,,
Axis Managing Agency Ltd,Peter Vogt,CFO,,
Axis Managing Agency Ltd,Conrad D. Brooks,General Counsel,,
Axis Managing Agency Ltd,Noreen McMullan,Chief People Officer,,
Axis Managing Agency Ltd,David Phillips,Chief Investment Officer,,
Axis Managing Agency Ltd,Keith Schlosser,Global Chief Information Officer,,
Axis Managing Agency Ltd,Dan Draper,Group Chief Underwriting Officer,,
Beazley Furlonge Limited,Adrian Cox,Chief Executive Officer,,
Beazley Furlonge Limited,Ian Fantozzi,CEO - Beazley Digital,,
Beazley Furlonge Limited,Rob Anarfi,Chief Risk Officer,,
Beazley Furlonge Limited,Bob Quane,Chief Underwriting Officer,,
Beazley Furlonge Limited,Troy Dehmann,Chief Operations Officer,,
Beazley Furlonge Limited,Paul Bantick,Head of Global Cyber & Technology,,
Beazley Furlonge Limited,Rachel Turk,Head of Strategy,,
Beazley Furlonge Limited,Beth Diamond,Group Head of Claims,,
Beazley Furlonge Limited,Bethany Greenwood,Group Head of Specialty Risks,,
Beazley Furlonge Limited,Sally Lake,Group Finance Director,,
Beazley Furlonge Limited,Lou Ann Layton,Group Head of Broker Relations and Marketing,,
Beazley Furlonge Limited,Richard Montminy,Group Head of Property,,
Beazley Furlonge Limited,Tim Turner,Group Head of Marine,,
Beazley Furlonge Limited,Pippa Vowles,Head of Culture & People,,
Blenheim Underwriting Limited,Peter Scales,Chairman and Chief Executive Officer of White Bear Capital Limited,,
Blenheim Underwriting Limited,John Lynch,Director of White Bear Capital Limited,,
Blenheim Underwriting Limited,John Cutts,"Chief Underwriting Officer, White Bear Managers Limited",,
Blenheim Underwriting Limited,Nick Destro,"Chief Underwriting Officer, Blenheim Underwriting Limited",,
Blenheim Underwriting Limited,Stephen Gentili,"Chief Risk Officer, Blenheim Underwriting Limited",,
Blenheim Underwriting Limited,Derek Grainger,"Legal and Compliance Director, Blenheim Underwriting Limited",,
Blenheim Underwriting Limited,Sharon Ingham,"Finance Director, Blenheim Underwriting Limited",,
Blenheim Underwriting Limited,Sharon Jackson,Head of Group Operations,,
Blenheim Underwriting Limited,Simon King,"Senior Underwriter, Direct Property",,
Blenheim Underwriting Limited,Tessa Mijatovic,"Company Secretary, White Bear Capital Limited",,
Blenheim Underwriting Limited,Grant Williams,Head of Claims,,
Blenheim Underwriting Limited,Mark Wilson,"Senior Underwriter, Property Treaty",,
Brit Syndicates Limited,Matthew Wilson,Group Chief Executive Officer,,
Brit Syndicates Limited,Christiern Dart,Chief Underwriting Officer,,
Brit Syndicates Limited,Gavin Wilkinson,Group Chief Financial Officer,,
Brit Syndicates Limited,jesseman r. pryor,Co-founder Ambridge and Executive Chairman,,
Brit Syndicates Limited,joy ferneyhough,Chief Experience Officer,,
Brit Syndicates Limited,lorraine denny,Chief Engagement Officer,,
Brit Syndicates Limited,mark allan,CEO Ki and Brit Group Executive Director,,
Brit Syndicates Limited,shane kingston,Chief Risk Officer and Chief Actuary,,
Brit Syndicates Limited,sheel sawhney,Group Head of Claims and Operations,,
Canopius Managing Agents Limited,Neil Robertson,Group Chief Executive Officer,,
Canopius Managing Agents Limited,Nick Betteridge ,Chief Actuary,,
Canopius Managing Agents Limited,Gabby Folliard, Chief Claims Officer,,
Canopius Managing Agents Limited,Mark Newman,Chief Executive (APAC),,
Canopius Managing Agents Limited,Sarah Willmont ,Chief Executive (UK),,
Canopius Managing Agents Limited,Lisa Davis ,Chief Executive (US & Bermuda),,
Canopius Managing Agents Limited,Gavin Philips,Chief Financial Officer,,
Canopius Managing Agents Limited,Barbara Turner, Chief HR Officer,,
Canopius Managing Agents Limited,Kate Roy , Chief Operating Officer,,
Canopius Managing Agents Limited,Lindsay Astor , Chief of Staff/ Head of Strategic Development,,
Canopius Managing Agents Limited,Mike Duffy ,Chief Underwriting Officer,,
Canopius Managing Agents Limited,Sheldon Lacy , Chief Risk & Governance Officer,,
Chaucer Syndicates Limited,John Fowle,CHIEF EXECUTIVE OFFICER,,
Chaucer Syndicates Limited,Rob Callan,CHIEF FINANCIAL OFFICER,,
Chaucer Syndicates Limited,Nicola Stacey,"CHIEF UNDERWRITING OFFICER, HEAD OF REINSURANCE",,
Chaucer Syndicates Limited,James Wright,CHIEF RISK OFFICER,,
Chaucer Syndicates Limited,David Bendle,CHIEF OPERATING OFFICER,,
Chaucer Syndicates Limited,Duncan Gemmel,CHIEF STRATEGY OFFICER,,
Chaucer Syndicates Limited,Kelan Hunt,"ACTIVE UNDERWRITER - SYNDICATE 1084, HEAD OF MARINE, ENERGY & AVIATION DIVISION",,
Chaucer Syndicates Limited,Xamira Groves,HEAD OF INSURANCE,,
Chaucer Syndicates Limited,Paul Restarick,HEAD OF NON-MARINE INSURANCE,,
Chaucer Syndicates Limited,Chris Baker,DEPUTY HEAD OF REINSURANCE,,
Chaucer Syndicates Limited,Tony Gates,GLOBAL HEAD OF CLAIMS,,
Chaucer Syndicates Limited,David Smith,HEAD OF TECHNICAL CLAIMS ADJUSTING,,
Chaucer Syndicates Limited,Guy Monk,HEAD OF CLAIMS OPERATIONS & DELEGATED AUTHORITY,,
Chaucer Syndicates Limited - Global offices,Jonathan Sutcliffe,GENERAL MANAGER & HEAD OF UNDERWRITING,,
Chaucer Syndicates Limited - Global offices,Margaret To,CEO,,
Chaucer Syndicates Limited - Global offices,James Holliss,HEAD OF BERMUDA & NORTH AMERICAN PROPERTY TREATY,,
Chaucer Syndicates Limited - Global offices,Fawzi Omari,SENIOR EXECUTIVE OFFICER,,
Chaucer Syndicates Limited - Global offices,Johnny Bøgelund,HEAD OF CHAUCER APS,,
Chaucer Syndicates Limited - Global offices,April McLaughlin,HEAD OF LATIN AMERICA,,
Chubb Underwriting Agencies Limited,Evan G. Greenberg,"Chairman and Chief Executive Officer, Chubb Limited / Chubb Group",,
Chubb Underwriting Agencies Limited,John Keogh,"President and Chief Operating Officer, Chubb Group",,
Chubb Underwriting Agencies Limited,John Lupica,"Vice Chairman, Chubb Group. President, North America Insurance",,
Chubb Underwriting Agencies Limited,Paul J. Krump,"Vice Chairman, Chubb Group, Global Underwriting and Claims",,
Chubb Underwriting Agencies Limited,Juan Luis Ortega,"Executive Vice President, Chubb Group, President, Overseas General Insurance",,
Chubb Underwriting Agencies Limited,Timothy Boroughs,"Executive Vice President, Chubb Group, Chief Investment Officer",,
Chubb Underwriting Agencies Limited,Julie Dillman,"Executive Vice President, Chubb Group, Senior Executive, Operations and Technology, and Digital Transformation Officer ",,
Chubb Underwriting Agencies Limited,Peter Enns,"Executive Vice President, Chubb Group, Chief Financial Officer",,
Chubb Underwriting Agencies Limited,Rainer Kirchgaessner,"Executive Vice President, Chubb Group, Global Corporate Development Officer",,
Chubb Underwriting Agencies Limited,Sean Ringsted,"Executive Vice President, Chubb Group, Chief Digital Business Officer and Chief Risk Officer",,
Chubb Underwriting Agencies Limited,Joseph Wayland,"Executive Vice President, Chubb Group, General Counsel",,
Chubb Underwriting Agencies Limited,Brad Bennett,"Senior Vice President, Chubb Group, Chief Operating Officer, Chubb Life",,
Chubb Underwriting Agencies Limited,David Furby,"Senior Vice President, Chubb Group, Regional President, European Group",,
Chubb Underwriting Agencies Limited,Marcos Gunn,"Senior Vice President, Chubb Group, Regional President, Latin America",,
Chubb Underwriting Agencies Limited,Bryce Johns,"Senior Vice President, Chubb Group, President, Chubb Life ",,
Chubb Underwriting Agencies Limited,Cheryl Krauss,"Senior Vice President, Chubb Group, Chief Communications Officer",,
Chubb Underwriting Agencies Limited,Thomas Kropp,"Senior Vice President, Chubb Group, Global Head of Operations and Technology",,
Chubb Underwriting Agencies Limited,Christopher A. Maleno,"Senior Vice President, Chubb Group, Division President, North America Field Operations",,
Chubb Underwriting Agencies Limited,Paul McNamee,"Senior Vice President, Chubb Group, Regional President, Asia Pacific",,
Chubb Underwriting Agencies Limited,Matthew Merna,"Senior Vice President, Chubb Group, Division President, North America Major Accounts",,
Chubb Underwriting Agencies Limited,Scott A. Meyer,"Senior Vice President, Chubb Group, Division President, Westchester",,
Chubb Underwriting Agencies Limited,Frances D. O'Brien,"Senior Vice President, Chubb Group, Deputy Chief Risk Officer",,
Chubb Underwriting Agencies Limited,Paul O'Connell,"Senior Vice President, Chubb Group, Chief Actuary",,
Chubb Underwriting Agencies Limited,Jo Ann Rabitz,"Senior Vice President, Chubb Group, Global Human Resources Officer",,
Chubb Underwriting Agencies Limited,Michael Smith,"Senior Vice President, Chubb Group, Global Claims Officer",,
Chubb Underwriting Agencies Limited,Drew Spitzer,"Treasurer, Chubb",,
Chubb Underwriting Agencies Limited,Derek Talbott ,"Senior Vice President, Chubb Group, Division President, North America Property and Specialty Lines",,
Chubb Underwriting Agencies Limited,Joe Vasquez,"Senior Vice President, Chubb Group, Global Accident & Health",,
Chubb Underwriting Agencies Limited,James E. Wixtead,"Senior Vice President, Chubb Group, President, Chubb Tempest Re Group",,
Chubb Underwriting Agencies Limited,Scott Arnold ,"Vice President, Chubb Group, Division President, Chubb Agriculture, President, Rain and Hail",,
Chubb Underwriting Agencies Limited,Ross Bertossi,"Vice President, Chubb Group, Global Underwriting",,
Chubb Underwriting Agencies Limited,Steven Goldman,"Vice President, Chubb Group, Division President, North America Financial Lines",,
Chubb Underwriting Agencies Limited,Judy Gonsalves,"Vice President, Chubb Group, Division President, Chubb Bermuda",,
Chubb Underwriting Agencies Limited,"Annmarie Hagan
","Vice President, Chubb Group, Chief Accounting Officer",,
Chubb Underwriting Agencies Limited,"Stephen Haney
","Vice President, Chubb Group, Division President, North America Surety, Chief Underwriting Officer, Global Surety",,
Chubb Underwriting Agencies Limited,"Michael Kessler
","Vice President, Chubb Group, Division President, Global Cyber Risk",,
Chubb Underwriting Agencies Limited,"Timothy O'Donnell
","Vice President, Chubb Group, Division President, Commercial Property and Casualty, Overseas General Insurance",,
Chubb Underwriting Agencies Limited,"Shekar Pannala
","Vice President, Chubb Group, Global Chief Information Officer",,
Chubb Underwriting Agencies Limited,Ana Robic,"Vice President, Chubb Group, Division President, North America Personal Risk Services",,
Chubb Underwriting Agencies Limited,Ben Rockwell,"Vice President, Chubb Group, Division President, Chubb Middle Market",,
Chubb Underwriting Agencies Limited,John Thompson,"Vice President, Chubb Group, Division President, Personal Insurance, Overseas General Insurance",,
Chubb Underwriting Agencies Limited,Jeff Updyke,"Vice President, Chubb Group, Head of North America Lower Middle Market",,
Cincinnati Global Underwriting Agency Limited,,,,
CNA Hardy,Jalil Ur Rehman,President and CEO,,
CNA Hardy,David Stevens,Chief Financial Officer,,
CNA Hardy,Lisa Skeels,Head of Human Resources,,
CNA Hardy,Carl Kearney,Chief Actuary and Chief Risk Officer and Executive Director,,
CNA Hardy,Phillip Hamer,General Counsel,,
CNA Hardy,Andy Clements,"Head of Distribution, Sales and Marketing",,
CNA Hardy,Amandine Motte,"CFO and General Manager, Luxembourg",,
CNA Hardy,Carl Day,Head of Lloyd’s and Active Underwriter,,
CNA Hardy,David Legassick,Head of Commercial,,
CNA Hardy,Ramesh Singh,Head of Specialty,,
CNA Hardy,Mike Phipps,Head of Claims,,
Coverys Managing Agency Ltd,Joseph G. Murphy,Chief Executive Officer and President,,
Coverys Managing Agency Ltd,Valoree Celona,"President, Programs & Allied Health",,
Coverys Managing Agency Ltd,William Chapdelaine,"Senior Vice President, Business Development, Distribution and Marketing",,
Coverys Managing Agency Ltd,Eric Crockett,"Senior Vice President, Information Technology",,
Coverys Managing Agency Ltd,Noreen Fiore-Sarno,Senior Vice President of Human Resources,,
Coverys Managing Agency Ltd,Michael Gabree,Vice President & Controller,,
Coverys Managing Agency Ltd,Tara Gibson,"Senior Vice President, Claims",,
Coverys Managing Agency Ltd,Robert Hanscom,"Vice President, Risk Management and Analytics",,
Coverys Managing Agency Ltd,Stephen Langlois,"Vice President, Enterprise Underwriting",,
Coverys Managing Agency Ltd,Amanda McHale,"Vice President, Coverys Custom Accounts",,
Coverys Managing Agency Ltd,Sam Mezzich,"President, Coverys Specialty Insurance Company",,
Coverys Managing Agency Ltd,Michael Miller,"Vice President, Underwriting",,
Coverys Managing Agency Ltd,Todd Mills,Chief Financial Officer,,
Coverys Managing Agency Ltd,Beth Murphy,"Vice President, Organizational & Leadership Development",,
Coverys Managing Agency Ltd,Dana Obrentz,"Vice President, Programs & Allied Health",,
Coverys Managing Agency Ltd,"Stephanie A. Sheps, Esq.","Vice President, Claims",,
Coverys Managing Agency Ltd,"Joseph P. Sullivan, Jr.",Chief Underwriting Officer,,
Coverys Managing Agency Ltd,Brian York,"Vice President, Value-Based Care",,
Coverys Managing Agency Ltd,Joe R. Zorola,"Head of Diversity, Equity & Inclusion",,
Enstar Managing Agency Limited,Dominic Silvester,Chief Executive Officer,,
Enstar Managing Agency Limited,Paul J. O'Shea,President,,
Enstar Managing Agency Limited,Orla Gregory,Chief Financial Officer,,
Enstar Managing Agency Limited,Paul Brockman,Chief Claims Officer,,
Enstar Managing Agency Limited,Nazar Alobaidat,Chief Investment Officer,,
Enstar Managing Agency Limited,Audrey Taranto,Group General Counsel,,
Enstar Managing Agency Limited,Matthew (Matt) Kirk,Group Treasurer,,
Enstar Managing Agency Limited,Michael Murphy,Deputy Chief Financial Officer,,
Enstar Managing Agency Limited,David Ni,Chief Strategy Officer,,
Enstar Managing Agency Limited,Seema Thaper,Group Chief Risk Officer,,
Enstar Managing Agency Limited,Laurence Plumb,Chief of Business Operations,,
Faraday Underwriting Limited,Tom Shelley,Chief Executive Officer,,
Faraday Underwriting Limited,Chris Thorne,Chief Underwriting Officer,,
Faraday Underwriting Limited,Kevin Harker,Finance Director,,
Faraday Underwriting Limited,Jason Bond,Chief Operating Officer,,
Faraday Underwriting Limited,Michael Hosking,Chief Risk Officer,,
Faraday Underwriting Limited,Charles Glaisher,Head of Claims,,
Faraday Underwriting Limited,Liz Richardson,Company Secretary,,
Hamilton Managing Agency Limited,Pina Albo,Chief Executive Officer,,
Hamilton Managing Agency Limited,Gemma Carreiro,General Counsel,,
Hamilton Managing Agency Limited,Adrian Daws,"Chief Executive Officer, Hamilton Managing Agency Limited",,
Hamilton Managing Agency Limited,Daniel Fisher,"Group Head of Human Resources, Communications & Culture",,
Hamilton Managing Agency Limited,Craig Howie,Group Chief Financial Officer,,
Hamilton Managing Agency Limited,Venkat Krishnamoorthy,Chief Technology Officer,,
Hamilton Managing Agency Limited,Clay Rhoades,"CEO, Hamilton Select Insurance Inc.",,
Hamilton Managing Agency Limited,Peter Skerlj,Chief Risk Officer,,
Hamilton Managing Agency Limited,Megan Thomas,"Chief Executive Officer, Hamilton Re, Ltd.",,
Hampden Agencies Limited,Tim Oliver,"Chairman, Hampden Holdings Ltd",,
Hampden Agencies Limited,Stephen Harris,"Group Chief Executive Officer, Hampden Holdings Ltd",,
Hampden Agencies Limited,Charlie Oliver,"Group Legal Counsel, Hampden Holdings Ltd",,
Hampden Agencies Limited,James Oliver,"Group Marketing Director, Hampden Holdings Ltd",,
Hampden Agencies Limited,Neil Crawford-Smith,"Chief Executive Officer, Hampden Agencies",,
Hampden Agencies Limited,George Turner,"Group Director of Finance, Hampden Holdings Ltd",,
Hampden Agencies Limited,Jeremy Evans,"Chief Executive Officer, Nomina Plc",,
Hampden Agencies Limited,Matt Brand,"Group Operations Manager, Hampden Holdings Ltd",,
Hampden Agencies Limited,Bill Johnston,"Group Director, Hampden Holdings Ltd",,
Hampden Agencies Limited,Sarah Wilton,"Board Chairperson, Independent NED, Hampden Agencies",,
Hampden Agencies Limited,Elizabeth Fullerton Rome,"Audit and Risk Chairperson, Independent NED, Hampden Agencies",,
Hampden Agencies Limited,Lord Strathclyde,"Independent NED, Hampden Agencies",,
Hampden Agencies Limited,Alistair Wood,"Director and Head of Research, Hampden Agencies",,
Hampden Agencies Limited,Nick Bishop,"Operations Director, Hampden Agencies",,
Hampden Agencies Limited,William Shropshire,"Senior Business Manager, Hampden Agencies",,
Hampden Agencies Limited,James Bromiley Davis,"Director and Chief Risk Officer, Hampden Agencies",,
Hampden Agencies Limited,John Francis,"Research Director, Hampden Agencies",,
Hampden Agencies Limited,Alistair Troughton,"Director, Sales & Marketing, Hampden Agencies and Group.",,
Hampden Agencies Limited,Jos Bogaerts,CF(R)O of Hampden Insurance Group BV,,
Hampden Agencies Limited,Ruth Foley,"Group HR Manager, Hampden Group",,
Hampden Agencies Limited,Andrew Knott,Hampden Private Office,,
Hampden Agencies Limited,Neil Langley,"Run-off Director, Hampden plc",,
Hampden Agencies Limited,Amanda McLean,"Senior Operations Assistant and Corporate Responsibility Leader, Hampden Agencies",,
Hampden Agencies Limited,"Stephanie Moon, MA ATT",Tax Director,,
Hampden Agencies Limited,Elbert-jan Offereins,CEO Hampden Insurance Group B.V.,,
Hampden Agencies Limited,Martin Pearce FCCA CTA,"Finance Director, Nomina Plc",,
Hampden Agencies Limited,Francesca Rudwick,"Group HR Manager, Hampden Group",,
Hampden Agencies Limited,Mark Tottman,Chief Operating Officer - Hampden Insurance Partners,,
HCC Underwriting Agency Ltd,Susan Rivera,Chief Executive Officer,,
HCC Underwriting Agency Ltd,Michael J. Schell,President,,
HCC Underwriting Agency Ltd,Thomas E. Weist,Executive Vice President and Chief Financial Officer  ,,
HCC Underwriting Agency Ltd,Mark W. Callahan,Executive Vice President ,,
HCC Underwriting Agency Ltd,Thomas A. Harmeyer,Executive Vice President,,
HCC Underwriting Agency Ltd,Randy D. Rinicella ,Executive Vice President and Chief Legal Officer  ,,
HCC Underwriting Agency Ltd - Corporate Management,C. Brad Breau,Senior Vice President and Chief Information Officer,,
HCC Underwriting Agency Ltd - Corporate Management,Shelly Iacobell,Senior Vice President and Tax Director,,
HCC Underwriting Agency Ltd - Corporate Management,Jackie S. Kellems,Senior Vice President – Enterprise Risk Management,,
HCC Underwriting Agency Ltd - Corporate Management,Jonathan Lee,"Senior Vice President, Treasurer and Head of Investments",,
HCC Underwriting Agency Ltd - Corporate Management,Kathleen M. McCutcheon,Senior Vice President and Chief Human Resources Officer ,,
HCC Underwriting Agency Ltd - Corporate Management,Dawn Miller,Senior Vice President – Internal Audit & Controls,,
HCC Underwriting Agency Ltd - Corporate Management,Stefano S. Minale,Senior Vice President and Chief Claims Officer,,
HCC Underwriting Agency Ltd - Corporate Management,John Newton,Senior Vice President – Ceded Reinsurance,,
HCC Underwriting Agency Ltd - Corporate Management,Nick Pastor,Senior Vice President and Chief Actuary,,
HCC Underwriting Agency Ltd - Corporate Management,Jeff Turner,Senior Vice President and Chief Accounting Officer,,
HCC Underwriting Agency Ltd - Underwriting Management,Barry J. Cook ,"Chief Executive Officer,  HCC Insurance Holdings (International) Limited",,
HCC Underwriting Agency Ltd - Underwriting Management,Laurence C.D. Donnelly,"President and Chief Executive Officer, Guaranty Group ",,
HCC Underwriting Agency Ltd - Underwriting Management,Michael J. Donovan,"President, Aviation Groups ",,
HCC Underwriting Agency Ltd - Underwriting Management,Kendall Jones,"President and Chief Executive Officer, ProAg",,
HCC Underwriting Agency Ltd - Underwriting Management,Matthew C. Overlan,"Chief Executive Officer, Specialty Group",,
HCC Underwriting Agency Ltd - Underwriting Management,Adam S. Pessin,"President and Chief Executive Officer, Surety Group",,
HCC Underwriting Agency Ltd - Underwriting Management,Jay Ritchie,"President, Stop Loss Group",,
HCC Underwriting Agency Ltd - Underwriting Management,Michael Palotay,"President, Cyber & Professional Lines Group",,
HCC Underwriting Agency Ltd - Underwriting Management,Chris Skarinka,"President, Public Risk Group",,
HCC Underwriting Agency Ltd - Underwriting Management,Andrew G. Stone,"President, D&O Group ",,
HCC Underwriting Agency Ltd - Underwriting Management,Jerome Swinscoe,"President, Credit Group ",,
Hiscox Syndicates Limited,Aki Hussain,Group Chief Executive Officer,,
Hiscox Syndicates Limited,Paul Cooper,Group Chief Financial Officer,,
Hiscox Syndicates Limited,Joanne Musselle,Group Chief Underwriting Officer,,
Hiscox Syndicates Limited,Robert Dietrich,"Chief Executive Officer, Hiscox Europe",,
Hiscox Syndicates Limited,Jon Dye,"Chief Executive Officer, Hiscox UK",,
Hiscox Syndicates Limited,Stéphane Flaquet,Group Chief Operating Officer,,
Hiscox Syndicates Limited,Nicola Grant,Group Chief HR Officer,,
Hiscox Syndicates Limited,Hanna Kam,Group Chief Risk Officer,,
Hiscox Syndicates Limited,Kevin Kerridge,"Chief Executive Officer, Hiscox USA",,
Hiscox Syndicates Limited,Paul Lawrence,"Chief Underwriting Officer, Hiscox London Market and Active Underwriter, Syndicate 33",,
Hiscox Syndicates Limited,Kate Markham,"Chief Executive Officer, Hiscox London Market",,
Hiscox Syndicates Limited,James Millard,Chief Investment Officer,,
Hiscox Syndicates Limited,Ian Penny,Chief Information Officer,,
Hiscox Syndicates Limited,Kathleen Reardon,"Chief Executive Officer, Hiscox Re & ILS",,
Hiscox Syndicates Limited,Marc Wetherhill,"Group Company Secretary and General Counsel, Hiscox Ltd",,
Inigo Managing Agent Limited,Russell Merrett,CHIEF UNDERWRITING OFFICER,,
Inigo Managing Agent Limited,Richard Watson,CEO,,
Inigo Managing Agent Limited,Stuart Bridges,CHIEF FINANCIAL OFFICER,,
Inigo Managing Agent Limited,Andrea Aakre,CHIEF PEOPLE AND DEVELOPMENT OFFICER,,
Inigo Managing Agent Limited,Steve Agutter,HEAD OF CLAIMS,,
Inigo Managing Agent Limited,Craig Knightley,HEAD OF CASUALTY,,
Inigo Managing Agent Limited,George Stratts,HEAD OF PROPERTY,,
Inigo Managing Agent Limited,Erdal Atakan,HEAD OF TECHNOLOGY,,
Inigo Managing Agent Limited,Vanessa Hartley,CHIEF RISK OFFICER,,
IQUW Syndicate Management Limited,Peter Bilsby,Group Chief Executive Officer,,
IQUW Syndicate Management Limited,Martin Hall,Active Underwriter,,
IQUW Syndicate Management Limited,Kate Hamilton,Group Chief People Officer,,
IQUW Syndicate Management Limited,Jonathan Watson,Chief Sales & Marketing Officer,,
IQUW Syndicate Management Limited,Richard Hextall,Group Chief Financial Officer,,
IQUW Syndicate Management Limited,David Morris,Group Chief Underwriting Officer,,
IQUW Syndicate Management Limited,Catherine Farnworth,Group Chief Risk Officer,,
IQUW Syndicate Management Limited,Declan O'Mahony,Head of Claims,,
Lancashire Syndicates Limited - Group Executive Management,Alex Maloney,Group Chief Executive Officer,,
Lancashire Syndicates Limited - Group Executive Management,Natalie Kershaw,Group Chief Financial Officer,,
Lancashire Syndicates Limited - Group Executive Management,Paul Gregory,Group Chief Underwriting Officer and LCM interim CEO,,
Lancashire Syndicates Limited - Group Executive Management,John Cadman,"Group General Counsel and Chief Executive Officer, Lancashire Insurance Company (UK) Limited",,
Lancashire Syndicates Limited - Group Executive Management,Hayley Johnston,Chief Executive Officer Lancashire Insurance Company Limited and Reinsurance Manager,,
Lancashire Syndicates Limited - Group Executive Management,John Spence,"Chief Executive Officer, Lancashire Syndicates Limited",,
Lancashire Syndicates Limited - Group Executive Management,Louise Wells,Chief Risk Officer,,
Lancashire Syndicates Limited - Management - Lancashire,John Cadman,"Group General Counsel and Chief Executive Officer, Lancashire Insurance Company (UK) Limited",,
Lancashire Syndicates Limited - Management - Lancashire,Christopher Head,"Company Secretary, Head of Corporate Affairs and Legal Counsel",,
Lancashire Syndicates Limited - Management - Lancashire,Denise O’Donoghue,Chief Investment Officer,,
Lancashire Syndicates Limited - Management - Lancashire,Hayley Johnston,Chief Executive Officer Lancashire Insurance Company Limited and Reinsurance Manager,,
Lancashire Syndicates Limited - Management - Lancashire,Louise Wells,Chief Risk Officer,,
Lancashire Syndicates Limited - Management - Lancashire,Steve Yeo,Group Head of Claims,,
Lancashire Syndicates Limited - Management - Lancashire Syndicates,Jon Barnes,"Chief Underwriting Officer, Lancashire Syndicates Limited",,
Lancashire Syndicates Limited - Management - Lancashire Syndicates,John Spence,"Chief Executive Officer, Lancashire Syndicates Limited",,
Lancashire Syndicates Limited - Management - Lancashire Syndicates,Adam Beardon,Chief Risk Officer,,
Lancashire Syndicates Limited - Management - Lancashire Syndicates,Chris Whittle,Chief Financial Officer,,
Lancashire Syndicates Limited - Management - Lancashire Syndicates,Philip Dawe,Chief Operating Officer,,
Lancashire Syndicates Limited - Management - Lancashire Syndicates,Robin Milner,Chief Actuary,,
Lancashire Syndicates Limited - Management - Lancashire Syndicates,Steve Yeo,Group Head of Claims,,
Liberty Managing Agency Limited,Philip Hobbs,President & Managing Director,,
Liberty Managing Agency Limited,Dieter Winkel,"President, Liberty Mutual Reinsurance",,
Liberty Managing Agency Limited,Kirk Maddern,Chief Operating Officer,,
Liberty Managing Agency Limited,Steve McMurray,Chief Financial Officer,,
Liberty Managing Agency Limited,Michael Gosselin,"Chief Underwriting Officer – Specialty, Liberty Specialty Markets",,
Liberty Managing Agency Limited,Melanie O'Neill,Chief Underwriting Officer - Commercial,,
Liberty Managing Agency Limited,Nigel Davenport,Group General Counsel,,
Liberty Managing Agency Limited,Graham Brady,Chief Risk Officer,,
Liberty Managing Agency Limited,Seema Vadera,Group Head of HR,,
Liberty Managing Agency Limited,Mike Gillett,Chief Claims Officer,,
Liberty Managing Agency Limited,Mandy Macqueen,Chief Digital Transformation Officer,,
Lloyd's Market Association,Sheila Cameron,Chief Executive,,
Lloyd's Market Association,Paul Davenport,Finance Director,,
Lloyd's Market Association,Fiona Temple,"LMA HR, Academy and Communications Director",,
Lloyd's Market Association,Rob Myers,Operations Director,,
Lloyd's Market Association,Arabella Ramage,Legal Director,,
Lloyd's Market Association,Patrick Davison, Underwriting Director,,
Lloyd's Market Association,Janine Powell,Claims Director,,
Managing Agency Partners Limited,Kevin Allchorne,Non Executive Director,,
Managing Agency Partners Limited,Christine Dandridge,Non Executive Director,,
Managing Agency Partners Limited,James Denoon Duncan,Managing Director,,
Managing Agency Partners Limited,Theresa Froehlich,Non Executive Director,,
Managing Agency Partners Limited,Andrew Foote,Non Executive Director ,,
Managing Agency Partners Limited,Aidan Kong,"Deputy Underwriter, Syndicate 2791",,
Managing Agency Partners Limited,Paul Langridge," Director, Risk and Assurance",,
Managing Agency Partners Limited,Chris Smelt,Executive Director,,
Managing Agency Partners Limited,David Shipley,"Chairman, Non Executive Director",,
Managing Agency Partners Limited,Richard Sumner,Finance Director,,
Managing Agency Partners Limited,Richard Trubshaw,"Named Underwriter, Syndicate 2791",,
Markel Syndicate Management Limited,Thomas S. Gayner,Co-Chief Executive Officer,,
Markel Syndicate Management Limited,Richard R. Whitt III,Co-Chief Executive Officer,,
Markel Syndicate Management Limited,Andrew G. Crowley,"President, Markel Ventures",,
Markel Syndicate Management Limited,Michael R. Heaton,Executive Vice President,,
Markel Syndicate Management Limited,Jeremy A. Noble,Senior Vice President and Chief Financial Officer,,
Markel Syndicate Management Limited,Robert R. Cox,"President and Chief Operating Officer, Insurance Operations",,
Markel Syndicate Management Limited,Susan L. Davies,"Chief Human Resources Officer, Markel Insurance",,
Markel Syndicate Management Limited,Richard R. Grinnan,"Senior Vice President, Chief Legal Officer and Secretary",,
MS Amlin Underwriting Limited,Johan Slabbert,Chief Executive Officer,,
MS Amlin Underwriting Limited,Andrew Carrier,Chief Underwriting Officer,,
MS Amlin Underwriting Limited,Martyn Rodden,Director of Strategy and Transformation,,
MS Amlin Underwriting Limited,Phil Green,Chief Financial Officer,,
MS Amlin Underwriting Limited,Alberto Verga,Chief Operating Officer,,
MS Amlin Underwriting Limited,Martin Burke,Director of Underwriting Performance,,
MS Amlin Underwriting Limited,Louise Musgrove,Chief People Officer,,
MS Amlin Underwriting Limited,Vishal Desai,Chief Risk Officer,,
MS Amlin Underwriting Limited,Fred Foreman,General Counsel ,,
Munich Re Syndicate Limited,Ross Mayne,Chief Executive Officer ,,
Munich Re Syndicate Limited,Colm Kennedy,Chief Product Officer ,,
Munich Re Syndicate Limited,Alby van Wyk,Chief Commercial Officer ,,
Munich Re Syndicate Limited,Michael Kearney,Vice President Sales and Marketing,,
Navigators Underwriting Agency Limited,,,,
Nephila Syndicate Management Limited,Frank Majors,"co-CEO and President of Nephila Holdings,  Director of Nephila Capital.",,
Nephila Syndicate Management Limited,Greg Hagood,"co-CEO of Nephila Holdings, Director of Nephila Capital.",,
Newline Underwriting Management Limited,Carl Overy,Chief Executive Officer,,
Newline Underwriting Management Limited,Henry Withinshaw,Chief Operating Officer,,
Newline Underwriting Management Limited,William Beveridge,Chief Underwriting Officer and Active Underwriter,,
Newline Underwriting Management Limited,Stephen  Gordon,Underwriting Director,,
Newline Underwriting Management Limited,Robert Kastner,Head of Claims,,
Newline Underwriting Management Limited,Neil Duncan ,Chief Actuary,,
Newline Underwriting Management Limited,Sonny Kapur,Chief Financial Officer,,
Polo Managing Agency Limited,Simon Sykes,Chief Executive Officer,,
Polo Managing Agency Limited,Richard Montague-Fuller,Chief Finance Officer,,
Polo Managing Agency Limited,Paul Wooldridge,Chief Operations Officer,,
Polo Managing Agency Limited,Kath Gioiosa,Managing Director of London Market Services (PCIS),,
Polo Managing Agency Limited,Phil Smith,Managing Director of Polo Managing Agency,,
Polo Managing Agency Limited,Peter Laws,Chief Risk Officer and Compliance Director,,
Premia Managing Agency Limited,Robert Brown,Group Chief Executive Officer,,
Premia Managing Agency Limited,Edward Creasy,Chairman,,
Premia Managing Agency Limited,Richard Yerbury,Group Chief Operating Officer,,
Premia Managing Agency Limited,Chantel Garfield,Group Chief Financial Officer,,
Premia Managing Agency Limited,John Pickersgill,Group Chief Commercial Officer,,
Premia Managing Agency Limited,Alison Black,Group Chief People Officer,,
Premia Managing Agency Limited,Damian Ely,"Chief Executive Officer, Charles Taylor Adjusting",,
Premia Managing Agency Limited,Christopher Schaffer,"Chief Executive Officer, Charles Taylor TPA",,
Premia Managing Agency Limited,Jody Baker,"Chief Executive Officer, Charles Taylor Assistance",,
Premia Managing Agency Limited,Arjun Ramdas,"Chief Executive Officer, Charles Taylor InsureTech",,
Premia Managing Agency Limited,Tamer Ozmen,"Group Board Director and Chairman, Charles Taylor InsureTech",,
Probitas Managing Agency Limited,Ash Bathia,CEO,,
Probitas Managing Agency Limited,Nick Bacon,Managing Director,,
Probitas Managing Agency Limited,Antony Dodson,Chief Underwriting Officer - Active Underwriter,,
Probitas Managing Agency Limited,Jon Foley,Chief Underwriting Officer– Property & Construction,,
Probitas Managing Agency Limited,Neila Buurman,"Chief Underwriting Officer, Casualty, Financial Lines",,
Probitas Managing Agency Limited,Marcus Bale,Chief Operations Officer,,
Probitas Managing Agency Limited,Bill Scott,Chief Finance Officer,,
Probitas Managing Agency Limited,Donald Brignell,Chief Risk Officer,,
Probitas Managing Agency Limited,Meera Shah,Chief Actuarial Officer,,
Probitas Managing Agency Limited,Richard Taylor,Head of Cyber & Technology,,
Probitas Managing Agency Limited,Richard Beaumont,Head of UK Liability,,
Probitas Managing Agency Limited,Alastair Herbert,Head of International Liability,,
Probitas Managing Agency Limited,Paul Nolan,Head of Financial Lines,,
Probitas Managing Agency Limited,Mark Smith,Head of Management Liability,,
Probitas Managing Agency Limited,Mark Mitchell,Head of Financial Institutions,,
Probitas Managing Agency Limited ,Robbie Hubbard,Head of International Property,,
Probitas Managing Agency Limited ,Mark Pearce,Head of UK & European Property,,
Probitas Managing Agency Limited,Koen Cambre,Head of Office & Senior Underwriter - Europe,,
Probitas Managing Agency Limited,Roberto Gomez,"Underwriter, Latin American Property",,
Probitas Managing Agency Limited,Jocelyn Naranjo,"Underwriter, Latin American Property",,
Probitas Managing Agency Limited,Enrique Morales,"Technical Reinsurance Executive, Latin American Property",,
Probitas Managing Agency Limited ,Lindsay McQuillian,General Counsel & Head of Claims,,
Probitas Managing Agency Limited ,Jonathan Neill,Head of Reserving,,
Probitas Managing Agency Limited ,Natalie D’Ambrosio,Head of Compliance,,
Probitas Managing Agency Limited ,Nav Nirala,Head of Capital,,
Probitas Managing Agency Limited ,Durgesh Vyas,Head of Analytics,,
Probitas Managing Agency Limited ,Stephen Ross,Head of Exposure Management,,
Probitas Managing Agency Limited ,Martin Thomas,Head of Underwriting Management,,
Probitas Managing Agency Limited ,Ashley Tait,Head of Underwriting & Claims Operations,,
QBE,Jason Harris,Chief Executive Officer,,
QBE,Mike East,Claims Director,,
QBE,Cecile Fresneau ,"Managing Director, Insurance",,
QBE,Joe Gordon,Chief Operating Officer,,
QBE,Nick Hankin,"Chief Underwriting Officer, International",,
QBE,Emma Higgins,Chief People Officer - International,,
QBE,Chris Killourhy,"Managing Director, QBE Re",,
QBE,Nigel Terry,Chief Risk Officer,,
QBE,Rob Stone,"Chief Financial Officer (interim), QBE International",,
RenaissanceRe Syndicate Management Limited - Governance ,Kevin O’Donnell,PRESIDENT AND CHIEF EXECUTIVE OFFICER,,
RenaissanceRe Syndicate Management Limited - Governance ,"Robert ""Bob"" Qutub",EXECUTIVE VICE PRESIDENT AND CHIEF FINANCIAL OFFICER,,
RenaissanceRe Syndicate Management Limited - Governance ,Ian Branagan,EXECUTIVE VICE PRESIDENT AND GROUP CHIEF RISK OFFICER,,
RenaissanceRe Syndicate Management Limited - Governance ,Ross Curtis,EXECUTIVE VICE PRESIDENT AND GROUP CHIEF UNDERWRITING OFFICER,,
RenaissanceRe Syndicate Management Limited - Governance ,Shannon Bender,"EXECUTIVE VICE PRESIDENT, GROUP GENERAL COUNSEL AND CORPORATE SECRETARY",,
RenaissanceRe Syndicate Management Limited - Operating Committee ,Katie Blake,"SVP, CORPORATE ACTUARY",,
RenaissanceRe Syndicate Management Limited - Operating Committee ,Hugh Brennan,CHIEF EXECUTIVE OFFICER,,
RenaissanceRe Syndicate Management Limited - Operating Committee ,Sean Brosnan,"SVP, CHIEF INVESTMENT OFFICER",,
RenaissanceRe Syndicate Management Limited - Operating Committee ,Bryan Dalton,CHIEF UNDERWRITING OFFICER – EUROPE,,
RenaissanceRe Syndicate Management Limited - Operating Committee ,Jen Devery,"SVP, ASSISTANT GENERAL COUNSEL, BERMUDA ASSUMED RISK",,
RenaissanceRe Syndicate Management Limited - Operating Committee ,Jamie Fraser,"SVP, CHIEF ACCOUNTING OFFICER",,
RenaissanceRe Syndicate Management Limited - Operating Committee ,Robin Lang,"SVP, HEAD OF RISK OVERSIGHT",,
RenaissanceRe Syndicate Management Limited - Operating Committee ,David Marra,"SVP, CHIEF UNDERWRITING OFFICER – CASUALTY & SPECIALTY",,
RenaissanceRe Syndicate Management Limited - Operating Committee ,Justin O’Keefe,"SVP, CHIEF UNDERWRITING OFFICER – PROPERTY",,
RenaissanceRe Syndicate Management Limited - Operating Committee ,Jonathan Paradine,CHIEF EXECUTIVE,,
RenaissanceRe Syndicate Management Limited - Operating Committee ,Nicole Valadao,"SVP, HEAD OF INTERNAL AUDIT",,
RenaissanceRe Syndicate Management Limited - Operating Committee ,Blythe Walker,"SVP, CHIEF TECHNOLOGY OFFICER",,
Riverstone Management Limited,LUKE TANZER,Chief Executive Officer,,
Riverstone Management Limited,MARK BANNISTER,Chief Operations Officer,,
Riverstone Management Limited,STEPHEN ROBERTS,Reinsurance Director & Executive Claims Director,,
Riverstone Management Limited,FRASER HENRY,"Executive Director, General Counsel & Company Secretary",,
Riverstone Management Limited,JUDITH WILDING,HR Director,,
Riverstone Management Limited,ANDY CREED,Chief Financial Officer,,
Riverstone Management Limited,CHARLOTTE PRITCHARD,Executive Risk and Compliance Director,,
S.A. Meacock & Company Limited,,,,
SCOR Managing Agency Ltd,Laurent Rousseau ,Chief Executive Officer,,
SCOR Managing Agency Ltd,Jean-Paul Conoscente,Chief Executive Officer of SCOR Property & Casualty,,
SCOR Managing Agency Ltd,Ian Kelly,Chief Financial Officer,,
SCOR Managing Agency Ltd,Frieder Knüpling,Chief Executive Officer of SCOR Life & Health,,
SCOR Managing Agency Ltd,Romain Launay,Deputy Chief Executive Officer of SCOR Property & Casualty,,
SCOR Managing Agency Ltd,Claire Le Gall-Robinson,Group Chief Sustainability Officer ,,
SCOR Managing Agency Ltd,Brona Magee,Deputy Chief Executive Officer of SCOR Life & Health,,
SCOR Managing Agency Ltd,Fabian Uffer,Group Chief Risk Officer,,
SCOR Managing Agency Ltd,François de Varenne,"Investments, Technology, Transformation and Group Corporate Finance",,
SiriusPoint,DANIEL MALLOY,INTERIM CHIEF EXECUTIVE OFFICER,,
SiriusPoint,PATRICK CHARLES,GLOBAL HEAD OF PROPERTY AND CASUALTY (P&C) INSURANCE & SERVICES,,
SiriusPoint,MONICA CRAMÉR MANHEM,"PRESIDENT, INTERNATIONAL REINSURANCE",,
SiriusPoint,RACHAEL DUGAN,CHIEF LEGAL OFFICER,,
SiriusPoint,DAVID GOVRIN,"GLOBAL CHIEF UNDERWRITING OFFICER AND PRESIDENT, AMERICAS REINSURANCE",,
SiriusPoint,VIEVETTE M. HENRY,CHIEF PEOPLE OFFICER,,
SiriusPoint,DAVID W. JUNIUS,CHIEF FINANCIAL OFFICER,,
SiriusPoint,ANDREAS KULL,CHIEF RISK OFFICER,,
SiriusPoint,TOM LEONARDO,SVP AND US HEAD OF ACCIDENT & HEALTH,,
SiriusPoint,STUART LIDDELL,GLOBAL PRESIDENT OF ACCIDENT & HEALTH,,
SiriusPoint,DARRYL SIRY,CHIEF TECHNOLOGY OFFICER,,
SiriusPoint,MING ZHANG,CHIEF INVESTMENT OFFICER,,
Sompo International (Endurance at Lloyd's Limited) - Executive,James Shea,"Executive Chairman of the Board of Directors, Sompo International Holdings Ltd. And Chief Executive Officer of Overseas Insurance and Reinsurance Business, Sompo Holdings, Inc. and Chief Executive Officer, Sompo International Holdings Ltd.",,
Sompo International (Endurance at Lloyd's Limited) - Executive,David Camputo,"Chief Audit Executive, Sompo International",,
Sompo International (Endurance at Lloyd's Limited) - Executive,"Christopher Donelan, CPCU, ARe","Chief Executive Officer, Global Reinsurance, Sompo International Holdings Ltd.",,
Sompo International (Endurance at Lloyd's Limited) - Executive,Christopher B. Gallagher,"Executive Director, Sompo International Holdings Ltd. And Chief Executive Officer, Sompo International Commercial P&C Insurance, Sompo International Holdings Ltd.",,
Sompo International (Endurance at Lloyd's Limited) - Executive,Brian W. Goshen,"Chief Administrative Officer, Sompo International",,
Sompo International (Endurance at Lloyd's Limited) - Executive,Alfred Goxhaj,"Chief Information Officer, Sompo International",,
Sompo International (Endurance at Lloyd's Limited) - Executive,Bob Haney,"Executive Chairman of AgriSompo and Chief Executive Officer, AgriSompo North America, Sompo International",,
Sompo International (Endurance at Lloyd's Limited) - Executive,Julian James,"Chief Executive Officer, EMEA and President Asia, Latin America, Sompo International Commercial P&C Insurance",,
Sompo International (Endurance at Lloyd's Limited) - Executive,Windy Lawrence,"General Counsel, Sompo International Holdings Ltd.",,
Sompo International (Endurance at Lloyd's Limited) - Executive,Michael J. McGuire,"Chief Financial Officer, Sompo International Holdings Ltd.",,
Sompo International (Endurance at Lloyd's Limited) - Executive,Daniel Neo,"Chief Executive Officer, Asia Pacific, Sompo International and Chief Executive Officer, Managing Director and Senior Executive Director, Sompo Holdings (Asia) Pte. Ltd.",,
Sompo International (Endurance at Lloyd's Limited) - Executive,Ken Reilly,"Executive Vice President, Head of Tokyo Office, Sompo International and Executive Vice President, General Manager of Global Business Department, Sompo Holdings, Inc.",,
Sompo International (Endurance at Lloyd's Limited) - Executive,Satyan Sawhney,"Group Chief Risk Officer, Sompo International Holdings Ltd.",,
Sompo International (Endurance at Lloyd's Limited) - Executive,Mark Silverstein,"Chief Investment Officer, Sompo International",,
Sompo International (Endurance at Lloyd's Limited) - Executive,Christopher Sparro,"Chief Executive Officer, North America, Sompo International Commercial P&C Insurance",,
Sompo International (Endurance at Lloyd's Limited) - Executive,Katsuyuki Tajiri,"Chief Executive Officer of Retail Insurance and Chairman of Retail Executive Committee, Executive Director, Sompo International Holdings Ltd. and Executive Vice President, Sompo Holdings, Inc.",,
Sompo International (Endurance at Lloyd's Limited) -Reinsurance,Pierre Balthazard,"Deputy Chief Executive, Singapore Branch, Head of APAC Reinsurance",,
Sompo International (Endurance at Lloyd's Limited) -Reinsurance,Stefan Beine,"President, Zurich Reinsurance",,
Sompo International (Endurance at Lloyd's Limited) -Reinsurance,David Bigley,"EVP, Head of Global Property and Catastrophe Reinsurance and CUO of Blue Capital",,
Sompo International (Endurance at Lloyd's Limited) -Reinsurance,"Steven Hanke, ARe",President of North America Reinsurance,,
Sompo International (Endurance at Lloyd's Limited) -Reinsurance,Peter Senak,Head of Non-Marine Specialty Reinsurance,,
Sompo International (Endurance at Lloyd's Limited) -Reinsurance,Christian Silies,Head of Global Marine & Energy Reinsurance,,
Sompo International (Endurance at Lloyd's Limited) -Reinsurance,Tracy Thomson,"CUO, North America and UK Reinsurance and Head of Global Casualty Reinsurance",,
Sompo International (Endurance at Lloyd's Limited) -Reinsurance,Christoph Virchow,Reinsurance Executive,,
Sompo International (Endurance at Lloyd's Limited) -Reinsurance,Neville Weston,Head of Global Distribution and Product Development,,
Sompo International (Endurance at Lloyd's Limited) -Reinsurance,Haixia Zhao,"CUO, International Reinsurance",,
Starr Managing Agents Limited,Maurice R. Greenberg,"Chairman and CEO of C.V. Starr & Co. Inc., Starr Insurance Companies and The Starr Foundation",,
Starr Managing Agents Limited,Lord Peter Levene,"Chairman, Starr Underwriting Agents Ltd, United Kingdom",,
Starr Managing Agents Limited,Howard I. Smith,"Director and Vice Chairman, Finance, C.V. Starr & Co., Inc.",,
Starr Managing Agents Limited,Steve Blakey,"President, Starr Insurance Holdings",,
Starr Managing Agents Limited,Richard N. Shaak,"President, International Insurance",,
Starr Managing Agents Limited,Nehemiah E. Ginsburg,Senior Vice President and General Counsel,,
Starr Managing Agents Limited,Dorothy Ying Dong,"Vice Chairman, Starr Property & Casualty (China) Co., LLC and President of Starr International Investment Advisors (Asia) Limited",,
Starr Managing Agents Limited,X. Rick Niu,"President & CEO, Starr Strategic Holdings, LLC",,
Talbot Underwriting Ltd,Chris Rash,Chief Executive Officer,,
Talbot Underwriting Ltd,Russell Bean,Chief Underwriting Officer,,
Talbot Underwriting Ltd,Julian Ross,Chief Risk Officer,,
Talbot Underwriting Ltd,Richard Cowling,Chief Financial Officer,,
Talbot Underwriting Ltd,Ian Peterson,Active Underwriter for Syndicate 1183,,
Talbot Underwriting Ltd,Diane Gallacher,Human Resources Director,,
Talbot Underwriting Ltd,Glen Browse,Chief Information Officer,,
Talbot Underwriting Ltd,Shalin Haria,Chief Actuary,,
Tokio Marine Kiln Syndicates Limited,BRAD IRICK,CHIEF EXECUTIVE OFFICER,,
Tokio Marine Kiln Syndicates Limited,ANDREW TORRANCE,CHAIRMAN,,
Tokio Marine Kiln Syndicates Limited,NICK HUTTON-PENMAN,DEPUTY GROUP CEO,,
Tokio Marine Kiln Syndicates Limited,ELISABETH IBESON,CHIEF PEOPLE OFFICER,,
Tokio Marine Kiln Syndicates Limited,MATTHEW SHAW,CHIEF UNDERWRITING OFFICER,,
Tokio Marine Kiln Syndicates Limited,REEKEN PATEL,GROUP CHIEF FINANCE OFFICER,,
Tokio Marine Kiln Syndicates Limited,ANNA MCNAMARA,CHIEF ADMINISTRATIVE OFFICER,,
Tokio Marine Kiln Syndicates Limited,VIVEK SYAL,GROUP CHIEF RISK OFFICER,,
Tokio Marine Kiln Syndicates Limited,CHRIS MOULDER,NON-EXECUTIVE DIRECTOR,,
Tokio Marine Kiln Syndicates Limited,VALERIE GORDON-WALKER,NON-EXECUTIVE DIRECTOR,,
Tokio Marine Kiln Syndicates Limited,HANS-DIETER ROHLF,NON-EXECUTIVE DIRECTOR,,
Travelers Syndicate Management Limited,Chris Allison,Active Underwriter & Head of Specialty,,
Travelers Syndicate Management Limited,Judy O'Neill ,"Vice President, Claims Europe",,
Travelers Syndicate Management Limited,Jon Davies,Vice President of BSI Travelers Europe,,
Vibe Syndicate Management Limited,JOHN KING,Chief Executive Officer,,
Vibe Syndicate Management Limited,GREGG JARVIS,Chief Financial Officer,,
Vibe Syndicate Management Limited,PAUL DONOVAN,Chief Operations Officer,,
Vibe Syndicate Management Limited,STEVEN ABBOTT,Head of Claims,,
Vibe Syndicate Management Limited,SUSAN YOUNG,Chief Risk Officer,,
Vibe Syndicate Management Limited,KAY GROVES,Executive Assistant to John King & Paul Donovan,,
W R Berkley Syndicate Management Limited,JAMES HASTINGS,CHIEF EXECUTIVE OFFICER,,
W R Berkley Syndicate Management Limited,ALASTAIR BLADES,CHIEF UNDERWRITING OFFICER,,
W R Berkley Syndicate Management Limited,JACQUI HEDGES,DIRECTOR OF COMPLIANCE AND CORPORATE GOVERNANCE,,
W R Berkley Syndicate Management Limited,ANDERS ROLFSEN,CHIEF ACTUARY,,
W R Berkley Syndicate Management Limited,MIRIAM GODDARD,DIRECTOR OF UNDERWRITING,,
W R Berkley Syndicate Management Limited,MICHAEL BENNETT,DIRECTOR OF FINANCE,,
